<?xml version="1.0" encoding="UTF-8"?>
<project-private xmlns="http://www.netbeans.org/ns/project-private/1">
    <editor-bookmarks xmlns="http://www.netbeans.org/ns/editor-bookmarks/2" lastBookmarkId="0"/>
    <open-files xmlns="http://www.netbeans.org/ns/projectui-open-files/2">
        <group>
            <file>file:/C:/xampp/htdocs/WebProject_ExpertSystems_B49020_B46549/view/destinationDetailView.php</file>
            <file>file:/C:/xampp/htdocs/WebProject_ExpertSystems_B49020_B46549/view/basicSearchView.php</file>
            <file>file:/C:/xampp/htdocs/WebProject_ExpertSystems_B49020_B46549/public/footer.php</file>
            <file>file:/C:/xampp/htdocs/WebProject_ExpertSystems_B49020_B46549/view/advancedSearchView.php</file>
        </group>
    </open-files>
</project-private>
